<?xml version="1.0" encoding="utf-8"?>
<configuration>
    <location path="." inheritInChildApplications="false">
        <system.webServer>
            <handlers>
                <add name="aspNetCore" path="*" verb="*" modules="AspNetCoreModuleV2" resourceType="Unspecified" />
            </handlers>
            <aspNetCore processPath="dotnet"
                        arguments=".\Chirp.Razor.dll"
                        stdoutLogEnabled="true"
                        stdoutLogFile="/home/logs/stdout"
                        hostingModel="inprocess" />
        </system.webServer>
    </location>
</configuration>
